#CHROM	POS	REF	AB513_gr	AB514_sp
scaffold_108	3541	T	C/	T/
scaffold_122	1052	T	T/	C/
scaffold_136	302	A	G/	A/
scaffold_136	600	C	T/	C/
scaffold_150	249	T	C/	T/
scaffold_59	36446	T	C/	T/
scaffold_59	38807	A	A/	G/
scaffold_59	38826	A	A/	T/
scaffold_59	39332	T	C/	T/
scaffold_61	10788	G	A/	G/
scaffold_61	11531	A	A/	G/
scaffold_61	11760	A	A/	C/
scaffold_61	128	T	T/	A/
scaffold_61	13390	C	C/	T/
scaffold_61	13482	C	C/	T/
scaffold_61	254	G	G/	C/
scaffold_61	28662	A	A/	T/
scaffold_61	29422	G	G/	A/
scaffold_61	36304	G	A/	G/
scaffold_61	37281	A	G/	A/
scaffold_61	37302	A	T/	A/
scaffold_61	491	C	C/	A/
scaffold_61	557	C	C/	T/
scaffold_61	6729	G	A/	G/
scaffold_61	6967	T	C/	T/
scaffold_61	7006	C	A/	C/
scaffold_61	7079	G	A/	G/
scaffold_61	7086	G	A/	G/
scaffold_61	7099	T	C/	T/
scaffold_61	7138	A	C/	A/
scaffold_61	7168	C	G/	C/
scaffold_61	7867	T	C/	T/
scaffold_61	8645	T	C/	T/
scaffold_63	27911	C	G/	C/
scaffold_65	28012	C	T/	C/
scaffold_93	483	G	A/	G/
