#CHROM	POS	REF	AB505	AB506
scaffold_100	18739	G	GC/	GC/
scaffold_100	68765	C	CCACACACACACA/	CCACACACACACA/
scaffold_100	78572	G	GAAAAA/	GAAAAA/
scaffold_91	29980	G	GTA/	GTA/
scaffold_91	54605	T	TTA/	TTA/
scaffold_91	103790	T	TAA/	TAA/
scaffold_92	646	C	CAAAAAAAAAAAAAAAAAAAAAAAAAA/	C/
scaffold_92	1814	T	TCCCCCCCCCCCCCCCCC/	TCCCCCCCCCCCCCCCCC/
scaffold_92	15805	A	A/	AGG/
scaffold_92	109000	T	TTGTGTGTGTGTGTGTGTGTGTG/	TTGTGTGTGTGTGTGTGTGTGTG/
scaffold_94	8763	G	GTTTTTTTTTTTTTTTTTTTTTTTTTTTTTTTTTTTTTTTTTTTTTTTTTTTTTT/	GTTTTTTTTTTTTT/
scaffold_95	85642	T	TG/	T/
scaffold_95	90374	A	A/	AGGGGG/
scaffold_96	83618	T	TC/	TC/
scaffold_96	89536	C	C/	CTT/
scaffold_98	20074	C	CAAAAAAAAAAA/	CAAAAAAAAAAA/
scaffold_98	29140	G	GA/	GA/
scaffold_101	37458	T	TAC/	TAC/
scaffold_101	74101	A	AACACACACACACACACACACACACACACAC/	AACACACACACACACACACACACACACACAC/
scaffold_102	23377	C	CA/	CA/
scaffold_102	26901	C	CT/	CT/
scaffold_102	31785	G	GAAAAAAAAAAAAAAA/	GAAAAAAAAAAAAAAAA/
scaffold_102	33768	C	CA/	CAAAAA/
scaffold_102	71340	G	GGTCGACAGAGAAATGGTCGAGGTGACAACGACGGTGGACGAAGCCGGGCAGTCAGTGACTGTGGGGTGGCAGTTGGTGATGGTCTTCGTAGAGGTTGTGAAGACGGTCGAGGTAGTCCATTGAGTGGTCGTCGCGGGTGGCTGAGTGGTGACAACGCCAGTGGTCGACGGCGGCACGGAGCTGCTCTCGGCAGGCGAGCTGGACGGCTGGGTGGTGGGCACGACCTCGGTGCTGGTGACGGGGCAGACGGTA/	GGTCGACAGAGAAATGGTCGAGGTGACAACGACGGTGGACGAAGCCGGGCAGTCAGTGACTGTGGGGTGGCAGTTGGTGATGGTCTTCGTAGAGGTTGTGAAGACGGTCGAGGTAGTCCATTGAGTGGTCGTCGCGGGTGGCTGAGTGGTGACAACGCCAGTGGTCGACGGCGGCACGGAGCTGCTCTCGGCAGGCGAGCTGGACGGCTGGGTGGTGGGCACGACCTCGGTGCTGGTGACGGGGCAGACGGTA/
scaffold_103	47086	G	G/	GCCCCCCCCCC/
scaffold_103	79786	C	CTT/	CTT/
scaffold_104	86785	A	AGGGGGGGGGGGGGG/	A/
scaffold_105	70643	A	AACACACACACAC/	AACACACACACAC/
scaffold_106	10181	A	A/	AGGGGGGG/
scaffold_106	49972	A	ACCCCCCCCCCCCCCCC/	A/
scaffold_106	80486	G	GT/	GT/
scaffold_109	11379	A	AGG/	A/
scaffold_110	49009	C	CCTG/	CCTG/
scaffold_112	84036	GA	G/	G/
scaffold_113	65602	T	TAAAAA/	TAAAA/
scaffold_113	84138	A	AGGGGGGGGG/	AGGGGGGGGGG/
scaffold_114	4803	G	GTA/	GTA/
scaffold_115	33600	T	TC/	TC/
scaffold_116	48164	C	CTTTTTTTTTT/	CTTTTTTTTTTTTT/
scaffold_116	65919	CT	C/	C/
scaffold_119	35418	G	GAAAA/	GAAAA/
scaffold_126	43295	C	CTT/	CTT/
scaffold_126	63310	C	CGGGGGGGGGGGG/	C/
scaffold_127	1407	A	ATTG/	ATTG/
scaffold_127	3339	GT	GT/	G/
scaffold_127	35138	T	TTGTG/	TTGTG/
scaffold_129	46926	A	AG/	AG/
scaffold_131	70551	C	CAAAAAAA/	CAAAAAAAA/
scaffold_132	11162	A	AATATATAT/	AATATATAT/
scaffold_132	21610	A	AAT/	AAT/
scaffold_132	27460	A	AATAT/	AATAT/
scaffold_132	40041	G	GCC/	C/
scaffold_132	68971	A	AAT/	AAT/
scaffold_133	52047	G	G/	GCCCCCCCCCCC/
scaffold_135	34865	G	G/	GCCCCCCCC/
scaffold_136	60	T	TCTC/	TCTC/
scaffold_136	44934	C	CGGGGGGGGGGGGGGGGGGGGGGGGGG/	CGGG/
scaffold_136	51092	G	GGT/	GGT/
scaffold_136	56562	C	CT/	CT/
scaffold_136	57606	C	CA/	C/
scaffold_136	61738	C	CGG/	C/
scaffold_141	54856	A	AGGGGGGGG/	A/
scaffold_141	54879	A	A/	AGGGGGGGGGGGGGGGGGGGGGGGG/
scaffold_142	18727	C	CGCTGGGAAATTTTGCCTCCGACATGGTAAAGAAGAGGGGTTTAATACATTCAACGACTGCGTGAAGGCATACGAAGCTGGCAGAAAGAATACTTCGGTCGATGATGGTTCGCAAAACTATCCGACAGCTAGTGTGCCAACCAGCCTACCAGTCGACCTGTCAGAGTACGAAGAAACCCTGATCAAAGAGTCTTGCGAAAAGCGTGGTCTTAACTCTGATGAAATTTGTCTATCT/	CGCTGGGAAATTTTGCCTCCGACATGGTAAAGAAGAGGGGTTTAATACATTCAACGACTGCGTGAAGGCATACGAAGCTGGCAGAAAGAATACTTCGGTCGATGATGGTTCGCAAAACTATCCGACAGCTAGTGTGCCAACCAGCCTACCAGTCGACCTGTCAGAGTACGAAGAAACCCTGATCAAAGAGTCTTGCGAAAAGCGTGGTCTTAACTCTGATGAAATTTGTCTATCT/
scaffold_143	19569	A	ACC/	AC/
scaffold_144	41228	T	TG/	T/
scaffold_144	51239	C	CTTTT/	CTTTT/
scaffold_148	28523	A	ATGAAATCGCGGCCGAAAACGTGGCCTGACGTGACGCCAAGCGCGAAAACTAAGAGCAGAATCGACCCGAGGACCCCGAGGTGGCGCCTACCCGGACGAGCCCGATACTAATAAGCGGGCGGTGAGCGAGAG/	ATGAAATCGCGGCCGAAAACGTGGCCTGACGTGACGCCAAGCGCGAAAACTAAGAGCAGAATCGACCCGAGGACCCCGAGGTGGCGCCTACCCGGACGAGCCCGATACTAATAAGCGGGCGGTGAGCGAGAG/
scaffold_149	46505	C	CTGTTGTTGTTGTTGT/	CTGTTGTTGTTGTTGT/
scaffold_150	31845	T	TA/	TAAAAAAAAAAAAAAAAAAAAAAAAAAAAAAAAAAA/
scaffold_150	39228	A	AAT/	AAT/
scaffold_150	43703	T	TTA/	TTA/
scaffold_150	47036	G	GTATA/	GTATA/
scaffold_155	5775	C	CA/	CA/
scaffold_157	24021	T	TTGTG/	TTGTG/
scaffold_158	6363	C	CGT/	CGT/
scaffold_160	4905	T	TTCCTTTTCGCGTCGCTCGTTCTCCTCACGCGCCTTTGCTTCTACCTTTTCGCGTCGCTCGATC/	TTCCTTTTCGCGTCGCTCGTTCTCCTCACGCGCCTTTGCTTCTACCTTTTCGCGTCGCTCGATC/
scaffold_160	39982	G	GT/	GT/
scaffold_166	18042	T	TGGGGGGGGGGGGGGGGGGGGGGGGGGGGGGGGGGGG/	TGGGGGGGGGGG/
scaffold_166	37252	G	GTTTT/	GTTT/
scaffold_171	22027	A	ACC/	ACC/
scaffold_173	19821	A	A/	AG/
scaffold_177	28224	C	CAAAAAAAA/	CAAAAAAAA/
scaffold_178	14709	T	TTG/	TTG/
scaffold_180	37792	CGAGAAGCCGAAGCAGTCGACG	C/	C/
scaffold_186	27565	A	AG/	A/
scaffold_186	34038	G	GAAAAAAAAAAAAAAAA/	GAAAA/
scaffold_187	14052	G	GTTTTTTTT/	GTTTTTTT/
scaffold_188	18066	A	A/	AG/
scaffold_1	105951	GGC	GGC/	G/
scaffold_1	105954	T	T/	TAA/
scaffold_1	105956	CCGCGTTG	CCGCGTTG/	C/
scaffold_1	105967	CTTGCCGCTCT	CTTGCCGCTCT/	C/
scaffold_1	105982	A	A/	ATGGCGGGGGGGGGGGGGGGGGGGGGGGGGGGGGGGGGGGGGGGGGGG/
scaffold_1	105985	GAAAAAGCAATACGCA	GAAAAAGCAATACGCA/	G/
scaffold_1	147373	G	GTTT/	GTTT/
scaffold_1	211672	T	TTG/	TTG/
scaffold_1	235687	A	AAGAGAGAGAG/	A/
scaffold_1	243154	T	TAAAAAAAAAAAAAAAAAA/	TAAAAAAAAAAAAAAAAAA/
scaffold_1	354402	G	GGTGTGTGTGTGTGTGTGTGTGTGTGTGTGTGTGTGTGT/	GGTGTGTGTGTGTGTGTGTGTGTGTGTGTGTGTGTGTGT/
scaffold_1	371169	C	CTTTTTTTTTTTTTTTTTT/	CTTTTTTTTTTTTTTTTTT/
scaffold_1	375772	G	GAAAA/	GAAAA/
scaffold_1	467607	G	GACACACACACACACACACACACAC/	GACACACACACACACACACACACAC/
scaffold_1	509424	A	AG/	A/
scaffold_1	588395	TCA	T/	TTTTTTGCA/
scaffold_1	588397	A	ATTTTTTTTTTTTTTTT/	A/
scaffold_1	666293	G	GTT/	GTTT/
scaffold_1	745914	C	CAAAA/	CAAAA/
scaffold_1	758388	G	GCCC/	G/
scaffold_1	870489	G	G/	GAAAAAAAAAAAA/
scaffold_1	977901	G	GC/	GC/
scaffold_1	1117178	C	CAAAAAAA/	CAAAAAAA/
scaffold_1	1123915	G	GA/	GA/
scaffold_1	1277003	C	CAAAAAA/	CAAAAAA/
scaffold_1	1356469	C	CTTTTT/	CTTTTT/
scaffold_1	1370368	C	C/	CTT/
scaffold_10	10775	C	CT/	CT/
scaffold_10	55808	C	CTTTTTTTTTTTTTTTTTTTTTT/	CTTTTTTTTTTTTTTTTTTTTTT/
scaffold_10	67542	G	G/	GT/
scaffold_10	67927	C	CGTGTGTGTGTGTGTGTGT/	CGTGTGTGTGTGTGTGTGT/
scaffold_10	151377	G	GCACACACACACACACACACACACACA/	GCACACACACACACACACACACACACA/
scaffold_10	157758	C	CGT/	CGT/
scaffold_2	57975	C	C/	CGG/
scaffold_2	58771	A	AGG/	AGG/
scaffold_2	70084	C	CAA/	CAA/
scaffold_2	144735	T	T/	TCCCCCCCCCCCC/
scaffold_2	266938	G	GAAAAAAAAAAA/	GAAAAA/
scaffold_2	330550	T	TAAAAAAAAA/	TAAAAAAAAA/
scaffold_2	331989	G	GAAAAAAAAAAAA/	GAAAAAAAAAAAA/
scaffold_2	336386	C	CT/	CT/
scaffold_2	381540	A	ACCCCCCCCCCCCCCCCCCCCCCCCCCC/	A/
scaffold_2	499599	T	TG/	TG/
scaffold_2	580265	C	CTTTTTT/	CTTTTTTT/
scaffold_2	590652	C	C/	CTTTTTTTT/
scaffold_2	593630	C	CTT/	CTT/
scaffold_2	672222	A	AGGGGGGGGGGGGGGGGGGGGGGGGGGGGGGGGGGGGGGGGGGGGGGGGGGG/	AGGGGGGGGGGGGGGGGGG/
scaffold_2	772015	T	TAAAAAAAAAAAAAAA/	TAAAAAAAAAAAAAAAAAAAAAAAAAAAAAA/
scaffold_2	826401	C	CAAAAAAA/	CAAAAAAAA/
scaffold_2	860598	C	CA/	CA/
scaffold_2	937013	G	GAAAAAAAAAAAAAAAAAAAA/	GAAAAAAAAAAAAAAAAAA/
scaffold_2	1123615	T	TGG/	TGG/
scaffold_2	1228323	T	TCG/	T/
scaffold_2	1236701	A	AC/	AC/
scaffold_2	1246440	G	GCC/	GCC/
scaffold_2	1325816	G	GAA/	GAAA/
scaffold_2	1326423	A	AAC/	AAC/
scaffold_3	243156	C	CTTTTTTTTTT/	CTTTTT/
scaffold_3	270885	A	AACAC/	AACAC/
scaffold_3	308335	C	CTTTTTTTTTTTT/	CTTTTTTTTTTTT/
scaffold_3	422453	C	CTT/	CTT/
scaffold_3	429778	T	TC/	T/
scaffold_3	441626	C	CTTGTTGTTG/	CTTGTTGTTG/
scaffold_3	448626	A	AGGGGGGGG/	A/
scaffold_3	509700	C	CGG/	C/
scaffold_3	709764	G	G/	GCGCGCAAGAGGCCTTTACCCGCGAGGCCGGGTGGAAGGACCGAAACTTCACGCTGGCGACAAAGGTCGAGTACCCGCACAAGCCGGGGGCCAACAA/
scaffold_4	66073	A	AT/	AT/
scaffold_4	106009	A	A/	AG/
scaffold_4	110107	C	CTTTT/	CTTTT/
scaffold_4	216536	C	C/	CGGGGGGGGGGGGGGG/
scaffold_4	249135	A	A/	ACC/
scaffold_4	272655	T	TGG/	T/
scaffold_5	12249	C	CAAAAAAAAA/	CAAAAAA/
scaffold_5	75630	A	ACCCCCCCCCCCCCCCC/	A/
scaffold_5	117607	G	GTTTTTT/	GTTTTTT/
scaffold_5	204135	C	CAAAAAAAAAAAAAAAAAAAAAAAAAAAAAAAAAAAAAAAAAAAAAAA/	CAAAAAAA/
scaffold_5	283608	C	C/	CG/
scaffold_5	295501	C	CGTGT/	CGTGT/
scaffold_5	476586	G	GGTGT/	GGTGT/
scaffold_5	542688	G	GC/	GC/
scaffold_6	55979	G	G/	GCC/
scaffold_6	83988	C	CAA/	CAA/
scaffold_6	199744	C	CT/	CT/
scaffold_6	199754	A	AT/	AT/
scaffold_6	262870	T	TG/	TGG/
scaffold_6	393894	A	AACCCCCCCCCCCCCCCCCCCCCCCCCCC/	A/
scaffold_6	510244	C	CTT/	C/
scaffold_6	558310	A	A/	AG/
scaffold_7	55395	A	AGGGGGGGGGGGGGGGGGGGGGGGGGGGGGGGGGGG/	A/
scaffold_7	77172	T	TG/	TG/
scaffold_7	239245	A	AGGGG/	AGGGG/
scaffold_7	246497	G	GGGGGGGGGGA/	G/
scaffold_7	351875	C	CTGTG/	CTGTG/
scaffold_7	421166	C	CAAAAAAAAAAAAAAAAAAAAAAAAAAAAAAAAAAAAAAAAAAAAAAAAAAAAAAAAAAAAAAAAAAAAAAAAAAAAA/	C/
scaffold_7	429549	C	CTTTTTTTTTTTT/	CTTTTTTTTTTTTT/
scaffold_8	349	A	AT/	AT/
scaffold_8	53840	C	CTTTT/	C/
scaffold_8	117179	C	CGT/	CGT/
scaffold_8	212254	C	CAA/	CAA/
scaffold_8	244730	G	GA/	GA/
scaffold_8	299974	A	AT/	AT/
scaffold_8	405245	A	ATG/	ATG/
scaffold_8	451637	C	CAAAAA/	CAAAAAAAAAAAAAA/
scaffold_9	79876	C	CAAAAAAAAAACCAAAAAAAAAAAAAAAAAAAAAAAAAAAACAAAAA/	CAAAAAAAAAACCAAAAAAAAAAA/
scaffold_9	89029	CT	CT/	C/
scaffold_9	122005	G	GA/	GA/
scaffold_9	162504	CA	C/	CA/
scaffold_9	311595	A	AAAAAAAG/	AAAAAAAG/
scaffold_9	326690	C	CGCA/	CGCA/
scaffold_193	19116	GGCA	G/	G/
scaffold_193	19600	CG	C/	C/
scaffold_197	8433	TCC	TCC/	T/
scaffold_201	8649	G	GCCCCCCCCCCCCCCCCCCCCCCCCCCCCCCCCCC/	GCCCCCCCCCCCCCCCCCCCCCCCCCCCCC/
scaffold_203	2413	C	CTTTATATATATATAAATAAAAGTATATATATATATATATATA/	CTTTATATATATATAAATAAAAGTATATATATATATATATATA/
scaffold_205	12224	G	GAGGCTGCCATCTTGCTCAA/	GAGGCTGCCATCTTGCTCAA/
scaffold_208	630	T	TTG/	TTG/
scaffold_208	4145	T	TGGGGGGGGGGGGGGGGGGGGGGGGGGGGGG/	TGG/
scaffold_208	4605	G	GAAAAAAAAAAAAAAAAAAAAAAAAAACAAAAAAAAAAAAAAAAAAAAAAAAAAAAAAA/	GAAAA/
scaffold_208	7037	G	G/	GCACCCCCCCCCCC/
scaffold_218	2764	A	ACCCCCCCCCCCCCCCCCCCCCCCCCCCCC/	A/
scaffold_218	9878	T	TG/	TG/
scaffold_226	5635	A	AATATAT/	AATATAT/
scaffold_229	9094	T	T/	TGGGGGGGGGGGGGGGGGGGGGGGGGGGGGGG/
scaffold_229	13790	G	GAAAAAAAAAAAA/	GAAAAAAAAAAAAA/
scaffold_229	15744	C	CAA/	CAA/
scaffold_232	2697	C	CTT/	CTTTT/
scaffold_238	2687	T	TC/	TC/
scaffold_239	21403	TA	T/	TA/
scaffold_242	9464	T	TC/	TC/
scaffold_242	20285	A	AAAATAGGCCGGCCGCGTTCTTTCGCGT/	AAAATAGGCCGGCCGCGTTCTTTCGCGT/
scaffold_245	7907	A	AAAC/	AAAC/
scaffold_245	7908	G	GCGACC/	GCGACC/
scaffold_245	18931	G	G/	GAGGTAGCTGCAACTTAGGTAGCTGCGACTTAGGTAGCTGCGACTTAGGTAGCTGCGACTTAGGTAGCTGCGACTTAGGTAGCTGCGACTTAGGTAGCTGCGACTTAGGTAGCTGCGACTT/
scaffold_256	1456	T	TATAACTAGACTGC/	TATAACTAGACTGC/
scaffold_260	9800	C	CTTTTTTTTTTTTTTTTTTT/	CTTTTTTTTTTTTTTTTTT/
scaffold_269	16883	CA	C/	C/
scaffold_271	13354	A	ATTT/	ATTT/
scaffold_274	6017	A	AAT/	AAT/
scaffold_280	5250	C	CTTTTTTTTTTTTTTTTTTTTTTTTTT/	CTTTTTTTTTTTTTTTTTTTTTTTTTT/
scaffold_282	13405	C	CTCTTTTTTTTT/	C/
scaffold_289	11006	A	A/	AC/
scaffold_11	39772	A	ATAATTGATCATTCACAACCAACTAATATAAGCTATTTATGAAACTTTGGTTCATTATTAGGTTTATGTTTAGGTATACAAATAATTACAGGAGTAACATTAGCTATGCATTATAACCCTAG/	A/
scaffold_11	113568	T	TGG/	TGG/
scaffold_11	134653	G	GAA/	GAA/
scaffold_11	144535	A	AG/	AG/
scaffold_11	160000	T	TGGGGGGGGGGGG/	TGG/
scaffold_11	174804	A	AC/	AC/
scaffold_11	205383	A	AGGGGGGGGGGG/	AGGGGGGGGGGG/
scaffold_11	220549	C	CA/	CA/
scaffold_11	228406	T	TG/	TG/
scaffold_11	307983	C	CT/	CT/
scaffold_11	389061	C	CTTTTTTTTTTTTTTTTTT/	CTTTTTTTTTTTTTTTTTTTTTTT/
scaffold_12	109196	C	CTTTTTTTT/	CTTTTTTTTT/
scaffold_13	190018	C	CAAAAA/	CAAAAA/
scaffold_13	316280	C	CT/	C/
scaffold_13	379786	G	GA/	GA/
scaffold_14	107708	T	TTG/	TTG/
scaffold_14	175906	C	CGGGGGGGGGGGGGGGGGGGGGGGGGGTGGGGGGGG/	C/
scaffold_14	187989	C	CAAAAAAAAAAAAAAAAAAAAA/	CAAAAAAAAAAAAAAAAAAAAA/
scaffold_14	195389	C	CCAGCAGCAG/	CCAGCAGCAG/
scaffold_14	292306	C	CAAAAAAAAAAA/	CAAAAAAAAAAA/
scaffold_14	294661	G	GCCC/	G/
scaffold_14	310974	T	TG/	TG/
scaffold_14	360795	C	CTTTTTTTTTTTTT/	CTTTTTTTTTTTTT/
scaffold_15	155932	C	CTT/	CTTTT/
scaffold_15	240906	C	C/	CT/
scaffold_16	9410	C	CT/	CT/
scaffold_16	31629	C	CT/	CT/
scaffold_16	35600	C	CGT/	CGT/
scaffold_16	109075	G	GC/	GC/
scaffold_17	28537	A	AG/	A/
scaffold_17	49145	T	TTGTGTGTG/	TTGTGTGTG/
scaffold_17	65966	G	GAA/	GAA/
scaffold_17	231702	C	CCTG/	CCTG/
scaffold_17	299962	T	TCCCCC/	TCCCCCCCCCC/
scaffold_17	304731	T	TTGTGTGTGTGTGTGTGTG/	TTGTGTGTGTGTGTGTGTG/
scaffold_17	335818	T	T/	TG/
scaffold_18	148228	C	CTTTTTTTTT/	CTTTTTTTTT/
scaffold_18	156960	C	CAAA/	CAAA/
scaffold_18	291747	T	TAA/	TAA/
scaffold_18	292802	C	C/	CTTTTTTTT/
scaffold_18	307395	C	CAA/	CAA/
scaffold_19	61873	G	GCCCC/	G/
scaffold_19	251634	C	CTTTTTTTT/	CTTTTTTTT/
scaffold_19	268461	C	CTTTT/	CTTTT/
scaffold_19	284550	C	CTTT/	CTTTT/
scaffold_20	91748	A	ACCCCCCCCCC/	ACCCCCCCCCCCCC/
scaffold_20	104917	G	GAAAAAAAA/	GAAAAAAAA/
scaffold_20	123215	G	GCCCCCCC/	G/
scaffold_20	201047	T	TCCCCCCCCCC/	TCCCCCCCCCCC/
scaffold_20	204534	C	CAAA/	CAAA/
scaffold_20	223568	G	G/	GCCCCCCCCCCCCCCCCCCCC/
scaffold_20	272077	G	GTT/	GTT/
scaffold_293	12666	C	CAAAAAAAAAAAAAAAAAAAAAAAA/	CAAAAAAAAAAAAAAAAAAAAAAAAAAAAAAAAAAAAAAAAAAAAAAAAAAAAAAAAAAAAAAAAAAAAAAAAAAAAAAA/
scaffold_298	907	T	TGGCAGGGACGGCGGCAGGGACGGC/	TGGCAGGGACGGCGGCAGGGACGGC/
scaffold_299	5221	T	T/	TC/
scaffold_299	5377	A	A/	AATGTAGGTATGT/
scaffold_299	8455	C	C/	CT/
scaffold_301	82	CT	C/	CT/
scaffold_312	7736	G	G/	GT/
scaffold_312	8589	C	CTGAA/	CTGAA/
scaffold_312	8785	AG	A/	AG/
scaffold_312	9056	A	AGCGGCTTGGTTGGCGTGGCGACCAGGT/	AGCGGCTTGGTTGGCGTGGCGACCAGGT/
scaffold_332	125	G	G/	GTACCCATCTGCTTTTAGAGAGACGTCT/
scaffold_332	540	C	CAGTGATGTAAATGCTGTAGGACTAGTAAAGTCGACCTCTTTTCCGCACGCGGTCTCTGTCTTGACTGGTAAAT/	C/
scaffold_332	623	A	A/	AATGCTGTAGGACTAGTAAAGTCAGCCTCTTTTCAGCACGCAGTCCCTGTCTTGACTGGTAAACAGTAATGCAC/
scaffold_353	5937	CGA	C/	C/
scaffold_353	6306	T	TGACGGGTAGGCTAACAGTTGCCAGTATAGGCCAAAATTTAGTTGCTGGTACCTACGGGCTGGGGGA/	T/
scaffold_358	864	CGA	C/	C/
scaffold_358	870	G	GA/	GA/
scaffold_370	6529	C	CTTTTTT/	CTTTTTT/
scaffold_370	8853	A	AGT/	AGT/
scaffold_384	127	C	CTG/	CTG/
scaffold_384	936	GC	G/	G/
scaffold_384	4259	GA	G/	G/
scaffold_384	4342	G	GT/	GT/
scaffold_384	4500	AG	A/	A/
scaffold_384	5119	T	TGC/	TGC/
scaffold_21	77020	C	CTTTT/	CTTTT/
scaffold_21	81887	C	CG/	CG/
scaffold_21	219444	G	GCA/	GCA/
scaffold_22	14256	T	TCCCCCCCCCCCCCCCCCCCCCCCCCCCC/	T/
scaffold_22	14257	A	C/	ACCCCCCCCCCCC/
scaffold_22	182354	T	TAC/	TAC/
scaffold_22	200392	G	GCA/	GCA/
scaffold_22	237306	G	GCCCCCCC/	GCCCCCCCCC/
scaffold_22	249759	G	GAAAA/	GAAAA/
scaffold_22	282094	A	A/	AGGG/
scaffold_23	73848	G	GTTTT/	GTTTT/
scaffold_23	90035	T	TTGTG/	TTGTG/
scaffold_23	92302	T	TAAAAAAAAAAAAA/	TAAAAAAAAAAAAAAA/
scaffold_23	163059	A	ATGC/	ATGC/
scaffold_23	184113	G	GTATATATA/	GTATATATA/
scaffold_23	207613	T	TG/	TG/
scaffold_23	228066	C	CT/	CT/
scaffold_23	241844	G	GTGTTGT/	GTGTTGT/
scaffold_23	257402	C	CT/	CT/
scaffold_23	257713	G	GT/	GT/
scaffold_23	265721	G	GCCCCCCCCCCCC/	GCC/
scaffold_24	227077	T	T/	TGGGGGGGGGGGGGGG/
scaffold_24	293938	T	TAC/	TAC/
scaffold_24	306136	ATTTTT	A/	A/
scaffold_25	8715	A	AG/	AG/
scaffold_25	33039	T	TCC/	TCC/
scaffold_25	119434	C	CT/	CT/
scaffold_25	122558	G	GAAAAAAAAAAAAA/	GAAAAAAAAAAAAA/
scaffold_25	131412	A	AACAC/	AACAC/
scaffold_25	195028	C	CG/	CG/
scaffold_25	243507	C	CTTTTTTT/	CTTTTTTT/
scaffold_26	23081	C	C/	CG/
scaffold_26	47505	A	AG/	AG/
scaffold_26	163837	T	TACAC/	TACAC/
scaffold_26	164798	G	GA/	GA/
scaffold_26	168170	C	CAA/	CAA/
scaffold_26	173739	C	CTTT/	CTTTTTTT/
scaffold_27	22795	C	CGTGTGT/	CGTGTGT/
scaffold_27	34283	C	CTT/	C/
scaffold_27	119604	T	TA/	TA/
scaffold_27	157848	G	GTTTTTTTTTTTTTTTTTTTTTT/	GTTTTTTTTTTTTTTTTTTTTTT/
scaffold_28	23975	C	CTTTTTTTTTTTT/	CTTTTTTTTTT/
scaffold_28	25316	G	GGGGC/	G/
scaffold_28	25619	A	AAAAAGAAAAGAAAAAAGAAAAGAAAAAAAAAG/	AAAAAGAAAAGAAAAAAGAAAAGAAAAAAAAAG/
scaffold_28	82954	GA	G/	G/
scaffold_28	104254	T	T/	TCCCCCCCCCCCCCCCCCCCC/
scaffold_28	104256	A	ACCCCCCCCCCCCCCCCCCCC/	C/
scaffold_28	110614	C	CCA/	CCA/
scaffold_28	148669	GCC	GCC/	G/
scaffold_28	187410	A	ATTTTTTTTTTTTTTT/	ATT/
scaffold_28	194452	C	CTTT/	CTTT/
scaffold_30	16467	C	CAA/	CAA/
scaffold_30	23905	A	AG/	A/
scaffold_30	24330	G	GAAAAAA/	GAAAAAAAAAAAAAAAAAAAAA/
scaffold_30	130362	T	TA/	TA/
scaffold_30	134901	A	AGG/	AGG/
scaffold_30	160434	C	CCACACACACA/	CCACACACACA/
scaffold_398	15	A	AGGG/	AG/
scaffold_403	4230	T	T/	TA/
scaffold_403	5362	C	CTTGCCCGCT/	C/
scaffold_403	6492	CTGGAGATT	CTGGAGATT/	C/
scaffold_419	3600	ACT	A/	A/
scaffold_419	3604	GTTAAAATAACTGACT	G/	G/
scaffold_429	3892	G	GCC/	GCC/
scaffold_434	787	T	TAAAA/	TAAAAA/
scaffold_458	4506	G	GCCCCCCCCCCCCCCCC/	G/
scaffold_468	1075	GGTGTCTTCAGTGTCTTC	G/	G/
scaffold_475	43	G	G/	GAAAAA/
scaffold_479	4476	C	CCGCTTTTCGATGACATGGCCGTGATTGAGGGTAACCGGGA/	C/
scaffold_487	697	G	G/	GA/
scaffold_490	828	TGAGGACAACAAGGTCCACTAGGTGCATA	T/	T/
scaffold_490	868	GGACCACTAGGTGCATAGAGTACAACAGT	G/	G/
scaffold_31	2634	T	TACAC/	TACAC/
scaffold_31	32433	G	GAAAA/	GAAAA/
scaffold_31	41838	C	CTTTTTTTT/	CTTTTTTTT/
scaffold_31	159553	G	GC/	GC/
scaffold_31	180217	C	CTTT/	CTTT/
scaffold_31	206436	C	CT/	CT/
scaffold_32	15987	A	AG/	AG/
scaffold_32	82168	CA	C/	CA/
scaffold_32	115812	C	CTGTGTG/	CTGTGTG/
scaffold_32	136373	C	CAAAAAAAAA/	CAAAAAAAA/
scaffold_32	140461	C	CT/	CT/
scaffold_32	169817	C	CT/	CT/
scaffold_32	178852	G	GT/	GT/
scaffold_32	179330	C	CTTT/	CTTT/
scaffold_32	261054	AG	A/	A/
scaffold_33	3864	T	TG/	TG/
scaffold_33	52217	A	A/	AGGGGGGGGGGGGGGGGGGGG/
scaffold_33	124244	C	CAAA/	CAAA/
scaffold_33	166033	TA	T/	T/
scaffold_33	198559	A	A/	AGGG/
scaffold_34	102631	C	CAAAAAAAAAAAAAA/	CAAAAAAAAAAA/
scaffold_34	234935	A	ATTTTTTTCTTTTTT/	A/
scaffold_35	53403	C	CTTTTTTT/	CTTTTTTT/
scaffold_35	100105	GA	GA/	G/
scaffold_35	120609	T	TGGGGG/	TGG/
scaffold_35	157927	C	CTTTTTTTTT/	CTTTTTTTTT/
scaffold_36	26179	T	TC/	TC/
scaffold_36	119438	G	GCCCCC/	GCCCC/
scaffold_37	53197	T	TC/	TC/
scaffold_38	70547	A	A/	AGGG/
scaffold_38	122291	A	ATGTGTG/	ATGTGTG/
scaffold_38	126534	C	CTTTTTTT/	CTTTTTTT/
scaffold_39	47225	A	AGG/	AGGGGGGGGGGGGGGGGGGGGGG/
scaffold_39	77207	C	CT/	CT/
scaffold_39	195073	A	AATATAT/	AATATAT/
scaffold_39	208260	G	A/	GGGAGGAGTGGTCTCGCTGCCAGGAGGAGTGGCGGGAGGAGTAGCGGGAGGAGTGGTCTCGCTACCAGGAGGAGTGGCGGGAGGAGTGGTCTCGCTGCCGGGAGGAGTGGCGGGAGGAGTGGTCTCGCTACCAGGAGGAGTGGCAGGAGGGGTAGCAGGAGGAGTGGTCTCGCTACCAGGAGGAGTAGCGGGAGGAGTGGTCTCGCTGCCAGGAGGAGTAGCGGGAGGAGTGGCAGGAGGAGTGGTCTCGCTGCCGGGAGGAGTGGCGGGAGGAGTAGTCTCACTGCCAGGAGGAGTAGCGGGAGGAGTGGCAGGAGGAGTGGTCTCGCTGCCGGGAGGAGTAGCGGGAGGAGTGGTCTCGCTGCCAGGAGGAGTGGCA/
scaffold_40	178281	C	CTTTTTTTTTTTTTT/	CTTTTTT/
scaffold_40	207172	A	ACCCCACCC/	ACCCCACCCCC/
scaffold_496	1836	C	CCCCATTACACACCCGTTACACACCCATTACACACCCGTTACACACCCATTACACACCCGTTACACACCCATTACACACCCGTTACACA/	CCCCATTACACACCCGTTACACACCCATTACACACCCGTTACACACCCATTACACACCCGTTACACACCCATTACACACCCGTTACACA/
scaffold_496	2704	CA	C/	C/
scaffold_496	2753	ATTCCC	A/	A/
scaffold_518	160	CA	C/	CA/
scaffold_521	1317	G	GCCAAACAGACCGCATACGGTAGGGACAGTCTGGGCTGGGCGT/	GCCAAACAGACCGCATACGGTAGGGACAGTCTGGGCTGGGCGT/
scaffold_521	1376	C	C/	CGCCTCCGCTAGGGACGGACTGGGTTGA/
scaffold_521	1435	CCGGGAA	C/	CCGGGAA/
scaffold_536	1012	T	TAGCTAAGCTAGACTGAGCTGGGCTGAGTTAAACTG/	TAGCTAAGCTAGACTGAGCTGGGCTGAGTTAAACTG/
scaffold_547	597	T	TAAA/	TAAA/
scaffold_560	2037	A	AC/	AC/
scaffold_560	2073	CA	C/	C/
scaffold_567	1967	A	AT/	AT/
scaffold_568	1409	T	TGGCTGATACTTGGGTGTGC/	TGGCTGATACTTGGGTGTGC/
scaffold_568	1913	T	TAGCACC/	TAGCACC/
scaffold_578	1668	AT	A/	A/
scaffold_588	371	G	GA/	GA/
scaffold_588	375	AT	A/	A/
scaffold_41	150521	A	AAGAGGCTTGAGAGCCTCGAAGAGACCTGCAAGATCCAGCTGTCCAAGCTGCTTCAGAATAGGTTCGAGCTGGCTGATAATATCCTGGAGATCGAGCTTTCCGAGACTGTCTATCAACGGCGCAGCGCCATTGACGATGTCAACCAGCTTGCTGATAGTCTCGGCACTGAGG/	AAGAGGCTTGAGAGCCTCGAAGAGACCTGCAAGATCCAGCTGTCCAAGCTGCTTCAGAATAGGTTCGAGCTGGCTGATAATATCCTGGAGATCGAGCTTTCCGAGACTGTCTATCAACGGCGCAGCGCCATTGACGATGTCAACCAGCTTGCTGATAGTCTCGGCACTGAGG/
scaffold_41	150643	C	C/	CAGCGCCATTGACGAT/
scaffold_42	59340	C	CAAAAAAA/	CAAAAAAA/
scaffold_42	91496	GA	G/	G/
scaffold_42	103746	C	CAAAAAAAAAA/	CAAAAAAAAAA/
scaffold_43	10630	A	ATG/	ATG/
scaffold_43	11336	C	CTTTTTTTTTTTTTTTTTTTTTTTTTTTTTTTTTTTTTTTTTTTTTTTTTTTTTTTTTTTTTTTTTTTTTTTTTTTTTTTTTT/	CT/
scaffold_43	13760	GT	G/	G/
scaffold_43	66607	C	CT/	C/
scaffold_43	136173	C	CTTTTTTCTTT/	CTTTTTTCTTT/
scaffold_44	1900	G	GA/	GAA/
scaffold_44	90973	C	CTTTTTTT/	CTTTTTTTTT/
scaffold_45	139842	C	CTTTTTT/	CTTTTTT/
scaffold_45	200237	A	AGGGGGGGGGGGGGGGGGGGG/	AGGGGG/
scaffold_46	106351	A	AAAAATAAAAT/	AAAAATAAAAT/
scaffold_46	113508	A	AGG/	A/
scaffold_46	192083	GGA	G/	GGA/
scaffold_46	204305	T	TTA/	TTA/
scaffold_47	120222	A	AT/	AT/
scaffold_48	163266	T	TA/	TA/
scaffold_49	193028	A	ATG/	ATG/
scaffold_50	60972	A	A/	ACCCCCCCCC/
scaffold_50	125224	T	TC/	TC/
scaffold_645	1102	AGG	A/	A/
scaffold_664	932	A	AGGGTGTGCCATGGGGTGTGCCATGGGGTGTGCCATG/	AGGGTGTGCCATGGGGTGTGCCATGGGGTGTGCCATG/
scaffold_51	1888	A	ATG/	ATG/
scaffold_51	2783	G	GCCC/	GC/
scaffold_51	118108	G	GC/	G/
scaffold_51	123587	C	CT/	CT/
scaffold_51	124945	C	CT/	CT/
scaffold_52	144301	CT	CT/	C/
scaffold_53	21237	C	CTTT/	CTTT/
scaffold_54	38720	G	GCACACACACACACA/	GCACACACACACACA/
scaffold_54	64509	C	CTTTTTTT/	CTTTTT/
scaffold_54	69255	T	TGGTCGCGTGGCCAAATGGCAAGGCGTCTGGCTACGAACCAGAAGATTGTGGGTTCGATCCCCACCGTGACCTTTCTTTTTGCCATTATCGAGAGTTGTCTTTGTTTTGTGGATCGGAGGAACGTCTAGGGCTATTAATCGATTATAAGAACCGTTTCATCATCAATGAGCATC/	TGGTCGCGTGGCCAAATGGCAAGGCGTCTGGCTACGAACCAGAAGATTGTGGGTTCGATCCCCACCGTGACCTTTCTTTTTGCCATTATCGAGAGTTGTCTTTGTTTTGTGGATCGGAGGAACGTCTAGGGCTATTAATCGATTATAAGAACCGTTTCATCATCAATGAGCATC/
scaffold_55	90225	G	GA/	GA/
scaffold_55	122174	A	A/	AGGG/
scaffold_55	141320	A	A/	AG/
scaffold_57	6309	T	TACACACACACACACACACACACACACACACACACACACAC/	TACACACACACACACACACACACACACACACACACACACAC/
scaffold_57	38061	C	CAAAAA/	CAAAAA/
scaffold_57	73660	C	CCA/	CCA/
scaffold_58	22703	T	T/	TGGGGGGGGGGGGGGGGGGGGG/
scaffold_58	85109	G	GAAA/	GAAA/
scaffold_58	117904	G	GAAAAAAAA/	GAAAAAAAAAA/
scaffold_59	38482	G	GC/	GC/
scaffold_60	8524	A	ACCCCCCCC/	C/
scaffold_60	23095	A	AG/	A/
scaffold_60	97935	GA	GA/	G/
scaffold_60	143609	C	C/	CG/
scaffold_693	911	C	CGGGGGGGGGGGGGGGGGGGGGGGGGG/	CGGGGGGGGGGGGGGG/
scaffold_719	443	A	A/	ATTCCGTTCTGCAATTTTGCACTAAATT/
scaffold_758	190	ATCTTGCACG	ATCTTGCACG/	A/
scaffold_779	542	CT	C/	CT/
scaffold_61	9603	T	TC/	TC/
scaffold_61	29237	T	TTGTGTGTG/	TTGTGTGTG/
scaffold_61	91034	G	GCACACACA/	GCACACACA/
scaffold_62	17965	C	CTTT/	CTTT/
scaffold_62	90250	C	CAA/	CAA/
scaffold_62	98976	CCACCACCCTCCGATCTACCGAGGTCCGA	CCACCACCCTCCGATCTACCGAGGTCCGA/	C/
scaffold_63	11753	T	TTG/	TTG/
scaffold_63	61577	G	GTTT/	GTTT/
scaffold_63	110612	G	GAAAAAAAAAAAAAA/	GAAAAAAAAAAAA/
scaffold_64	54714	C	CAT/	CAT/
scaffold_66	123306	C	CTTTTTTTTT/	CTTTTTTTTTTT/
scaffold_68	77827	A	A/	AGGGGGGGGGGGGG/
scaffold_69	1637	G	GC/	G/
scaffold_70	87946	C	CAAAA/	CAAAA/
scaffold_70	90800	T	TAAAAAAAAAAAA/	TAAAAAAAAAAAA/
scaffold_878	432	C	CCAGATCACGAG/	C/
scaffold_878	435	G	GATTTCATGGGCATCCTGTTCATTC/	G/
scaffold_878	437	A	ACGAC/	A/
scaffold_71	82435	G	GAAAAGAAAAAAAAAAAAA/	GAAAAGAAAAAAAAAAAAA/
scaffold_73	83526	C	CTT/	CT/
scaffold_73	118028	C	CTTT/	CTTT/
scaffold_75	40189	C	CAAAAA/	CAA/
scaffold_75	92180	T	T/	TGGGGGGGGG/
scaffold_77	55167	C	CTT/	CTT/
scaffold_77	73938	T	TACACACACACACACACAC/	TACACACACACACACACAC/
scaffold_77	80034	G	GCA/	GCA/
scaffold_77	98280	G	GC/	GCCC/
scaffold_77	98566	A	AGGGGGGGGGGGGGGGGGG/	AGGGGGGGGGGGGG/
scaffold_77	103918	A	AG/	AGG/
scaffold_77	124186	GT	G/	GT/
scaffold_77	131423	TTTTTTTTTTTTCTGTCTGTCTGTC	TTTTTTTTTTTTCTGTCTGTCTGTC/	T/
scaffold_78	18595	G	GTTTTT/	GTTTTT/
scaffold_78	107517	G	GAAA/	GAAA/
scaffold_78	109712	A	ATGCG/	A/
scaffold_80	2477	C	CAAA/	CAAA/
scaffold_80	12865	G	GTT/	GTT/
scaffold_908	403	A	A/	ACGTGAATTCCCGGAGTCCC/
scaffold_81	13066	C	C/	CTTTTTT/
scaffold_81	112200	A	AGGGGGGGGGGGGGGGGGGGGGGGGGGGGGGGGGGGGGGGGGGGGGGGGG/	A/
scaffold_82	76227	C	CGT/	CGT/
scaffold_83	55621	C	CA/	CA/
scaffold_84	28017	C	CCA/	CCA/
scaffold_84	29818	C	CT/	CT/
scaffold_84	73568	C	CTTTTTTTTTTTTTT/	CTTTTTTTTTTTTTTT/
scaffold_84	74093	CA	C/	C/
scaffold_84	110546	C	CTTTTTTTT/	CTTTTTT/
scaffold_84	115604	C	CATATAT/	CATATAT/
scaffold_85	95484	T	TCACACACACACA/	TCACACACACACA/
scaffold_87	72208	C	C/	CTTTTTTTTTTTTTTTTTTTTTTTTTTTTTT/
scaffold_88	96762	A	AAC/	AAC/
scaffold_89	71467	C	CTTT/	CTTT/
scaffold_90	980	C	CG/	CGG/
scaffold_90	17984	A	AC/	ACCCC/
