#CHROM	POS	REF	AB515	AB516
scaffold_1	1145143	C	CTTTTTTTTTTTTTTTTTTTTTT/	CTTT/
scaffold_1	1145543	A	A/	AAAAAAAAAAAAAGAAAAAG/
scaffold_1	1254399	C	CA/	CAAAAAAAAAAAAAAAAAAAA/
scaffold_1	1721229	G	GTTTTTTTTTTTTTTTTTTTTTTTTTTTTTTTTTTTTTTTTTTTTTTTTTTTTTTTTTTTTTTTTTTTTTTTTTTTTTTTTTTTTTTT/	GTTTTTTTTTTTTTTTTTTTTTTTTTTTTTTTTTTTTTTTTTTTTTTTTTTTTTTTTTTTTTTTTTTTT/
scaffold_1	1886034	C	CTTTTTTTTTTTTTTTTTTTTTTTTTTTTTTTTTT/	CTTTTTTTTTTTTTTTTTTTTTTTTTTTTTTTTTTTTTTTTTTTTTTT/
scaffold_1	1923538	T	TGGGGGGGGG/	T/
scaffold_1	312312	C	CAAAAAAAAAAAAAAAAAA/	CAAAAAAAAAAAAAAAAAAAAAA/
scaffold_1	321810	C	C/	CTTTTTT/
scaffold_1	662755	G	GCCCCCCCCCC/	GCCCCCCCCCCCCCCCCC/
scaffold_10	15408	G	GAAAA/	GAAAAA/
scaffold_10	179801	C	CAAAAAAAAAAAAAAA/	CAAAAAAAAAAAAAAAAAAAAAAAAAAA/
scaffold_10	794845	T	TAAAAAA/	TAAAAA/
scaffold_10	883064	C	CTTTTT/	CTTTTTTTTTT/
scaffold_105	6084	T	TTTTTAGGGTTTTAGGG/	T/
scaffold_11	265242	A	ACCCCCCCCCCCCCCCCCCCCC/	A/
scaffold_11	386433	A	AGGGGGGGGG/	AGGGGGGG/
scaffold_11	46946	C	CT/	CTT/
scaffold_11	745521	CGG	CGG/	C/
scaffold_11	745523	G	G/	GCCCCCCCCCCCCCCCCCCCCCCCCC/
scaffold_11	803392	C	CTTTTTTTTTTTTTTTTTT/	C/
scaffold_11	96732	T	T/	TG/
scaffold_12	395208	G	GTTTTTTTTTTTTTTTTTTTTTTTTT/	GTTTTTTTTTTTTTTTTTTTTTTTT/
scaffold_13	566217	C	C/	CTTTTTTTTTTTTTTTTTTTTTTTTTTTTTTTTTTTTTTTTTTTTTTTTTTTT/
scaffold_14	114992	C	CTTTTTTTTTTTTTTTTTTTTTTTTTTTTTTTTTT/	CTTTTTTTTTTTTTTTTTTTTTTTTTTTTT/
scaffold_14	244187	G	GAAAAAAAAAAAAAAAAAAAAAAAAAAAAAAAAAAAAAAAAAAAAAAAAAAAAAAAAAAA/	GAAAAAAAAAAAAAAAAAAAAAAAAAAAAAAAAAAAAAAAAAAAAAAAAAAAAAAAAAAAAAAA/
scaffold_14	265907	G	GAAAAAAAAAAAAAAAAAAAAAAAAAAAAAAAA/	GAAAAAAAAAAAAAAAAAAAAAAAAAAAAAAAAAAA/
scaffold_14	270437	G	GAAAAAAAA/	GAAAAAAAAAAAAAAAAAA/
scaffold_14	3749	C	C/	CTTTTTTTTTTTTTTTTTTTTTTTTTTTTTTTTTTT/
scaffold_14	707286	G	G/	GAAAAAAAAAAAAAA/
scaffold_14	713678	G	GC/	G/
scaffold_14	717575	T	TTA/	T/
scaffold_14	9383	G	GTTTTTTTTTTTTTTTTTTTTT/	G/
scaffold_15	164143	T	T/	TGGG/
scaffold_15	236062	A	AC/	C/
scaffold_15	266987	G	GAAAAAAAAAAAAAAAAAAAAAAAAAAAAAAAAAAAAAAAAAAAAAAAAAA/	GAAAAAAAAAAAAAAAAAAA/
scaffold_16	362534	C	CTTTTTTTTTTT/	C/
scaffold_16	363643	C	CAAAAAAAA/	CAAAAAAAAA/
scaffold_16	93331	T	T/	TGGGGGGGGGGGGGGGGGG/
scaffold_17	141923	T	TGGGG/	T/
scaffold_17	225984	A	AGGGGG/	A/
scaffold_17	240866	C	CAAAAAAAAAAAAAAAAAAAAAAAAAAAAAAAAAA/	CAAAAAAAAAAAAAAAAAAAAAAAAAAAAAAA/
scaffold_17	436378	G	GAAAAAAAAAAAAAAAAAAAAAAAAAAAAAAAAAAAAA/	GAAAAAAAAAAAAAAAAAAAAAAAAAAAAAAAAAA/
scaffold_17	469023	C	CAAAAAAAAAAAAAAAAAAAAAAAAAAA/	CAAAAAAAAAAAAAAAAAAAAAAAAAAAAAA/
scaffold_17	546398	C	CTTTTTTTTTTTTTTTTTTTTTTTTTTTTTTTTTTTTTTTTTTTTTTTT/	CTTTTTTTTTTTTTTT/
scaffold_17	566804	C	CTTTTTTTTT/	CTTTTTTTT/
scaffold_18	173469	C	C/	CTTTTTTTTTTTTTTTTTTTTTTT/
scaffold_18	346067	A	A/	ACCCCCCCCCCC/
scaffold_18	36685	A	AGGGG/	A/
scaffold_18	429300	A	A/	AGGGG/
scaffold_18	48280	C	CTTTTTTTTTTTTTTTTTTTTTTTT/	C/
scaffold_18	633297	T	TAAAAAAAAAAAAAAAAAAAAAAAAAAAAAAAAAAAAAAAAAAAAAAAAAA/	TAAAAAAAAAAAAAAAAAAAAAAAAAAAAAAAAAAAAAAAAAAAAAA/
scaffold_18	83982	G	GAAAAAAAA/	GAAAAAAAAAAAAAA/
scaffold_19	21	A	AAAAACCCT/	A/
scaffold_2	1042543	C	CTTTTTTTTTTTTTTTTTTTTTTTT/	CTTTTTTTTTTTTTTTTTTTTTTTTTTTTTTTTTTTTTTTTTTTT/
scaffold_2	10471	C	CAAAAAAAAAAAAAAAAAAAAAAAAAAAAAAAAAAAAAAAAAAAAAAAAAAAAAAAAAAAAAAAAAAAAAAAAAAAAAAAAAAAAAAAAAA/	CAAAAAAAAAAAAAAAAAA/
scaffold_2	1107126	G	GAAGGGCGTTGCTTTTAGAAGAGATCTGACTGGTACCAAGCCATTTGTCAAGCATGACAACCAGGATGCCCAGGAGGCTACTGTGAAAGACTTTGATGGACCTTTTGGTCCGGGCCTTCCAAATGTATGTAGTCCTTCAATCCAAAGTGATGACCAGCCTGCTGACAAAGCTGCGTGA/	G/
scaffold_2	434924	T	TGG/	T/
scaffold_2	434940	G	G/	GGGGGGGGGA/
scaffold_2	514159	A	AC/	A/
scaffold_2	672291	G	G/	GAAAAAAAAAAAAAAAA/
scaffold_2	914242	G	GTTTTTTTTTT/	GTTTTTTTTTTTTTTTTTTTTTTTTTTTTTTTTTTTTTTTTTTTTTTT/
scaffold_2	927107	C	CTTTTTTT/	CTTTTTTTT/
scaffold_20	102581	C	CTTTTTTTTTTTTTTTTTTT/	C/
scaffold_21	26289	C	CAAAAAAAAAAAA/	CAAAAAAAAAAAAAAAAAAAAAAAAAAAAAAAAAAA/
scaffold_22	533804	C	CAAAAAAAAAAAAAAAAAAAAAAAAA/	CAAAAAAAAAAAAAAAAAAAAAAAAAAAAAAA/
scaffold_22	578037	C	CTTTTTTTTTT/	CTTTTTTTTTTT/
scaffold_23	466328	C	CTTTTTT/	CTTTTTTTTTTTTTTTTTTTTTTTTTTTTTTTTTTTTTTTTTT/
scaffold_23	526347	T	TG/	T/
scaffold_25	207964	T	TAAAAAAAAAAAAAAAAAAAAAAA/	T/
scaffold_25	334665	G	G/	GAAAAAAAAAAAA/
scaffold_25	419987	G	GTTTTTTTTTTTTTTTTTTTTTTT/	GTTTTTTTTTTTTTTTTTT/
scaffold_25	45976	C	CTTTTTTTTTTTTTTTT/	CTTTTTTTTTTTTTTTTTTTTTTTTTTTTTTTTTTTTTTTTTTTTTTTTTTTTTTTTTTTTTTTTTTTTT/
scaffold_26	155688	A	A/	ATTTT/
scaffold_26	396595	G	GAAAAAAAAAAAAAAAAAAAAA/	GAAAAAAAAAAA/
scaffold_27	330003	A	A/	AGGGG/
scaffold_28	447041	T	T/	TGGGGGGGGGGGGGGGGGGGGGG/
scaffold_29	273826	C	CAAAAAAAAAAAAAAAA/	CAAAAAAAAAAA/
scaffold_29	359037	T	TGGGGGGG/	TGGGGG/
scaffold_29	450981	CT	CT/	C/
scaffold_3	1074978	C	CAAAAAAAAAAAAGAAAAAAAAAAAAAAAAAAAAAAAA/	CAAAAAAAAAAAAGAAAAAAAAAAAAAAAAA/
scaffold_3	1082427	T	TCACACACACACACACACACACA/	TCACACACACACACACACACACACA/
scaffold_3	1155247	T	TG/	T/
scaffold_3	1207254	C	CAAAAAAAAAAAAAAAAAAAAAAAAAAAA/	CAAAAAAAAAAAAAAAAAAAAAAAAAAAAAAAAAAAAAAAAAAAAAAAAAAAAAAAAAAAAAAAACA/
scaffold_3	1214146	A	ACCCCCCCCCCCCCCCCCCCCCCCCCCCCCCCCCCCCCCCC/	A/
scaffold_3	1214147	A	ACCCCCCCCCCCCCCCCCCCCCCCCCCCCCCCCCCCCCCCCC/	ACCCCCCCCCCCCCCCCCCCCCCCCC/
scaffold_3	1235938	G	G/	GAAAAAAAAAAAAAAAAAAAAAAAAAAA/
scaffold_3	1247328	A	AG/	A/
scaffold_3	226681	T	TA/	T/
scaffold_3	465248	T	T/	TCC/
scaffold_3	476338	T	T/	TA/
scaffold_3	521846	A	ATTTTTTTTTTTTTTTTTTTTTTTTTT/	ATTTTTTTTTTTTTTTTTTTTTTTTTTTT/
scaffold_3	541311	A	A/	ACC/
scaffold_3	541312	A	ACC/	C/
scaffold_3	737566	G	G/	GA/
scaffold_3	828033	A	ATTTTTTTTTTTTTTTTTTTTTTTTTTTTTTTTTTTTTTTTTTTTTTTTTTTTTTTTTTTTTTT/	ATTTTTTTTTTTTTTTTTTTTTTTTTTTTTTTTTTTTTTTTTTTTTTT/
scaffold_3	85671	G	GAAAAAAAAAAAAAAAAAAAAAAAAAAAAAAAAAAAAAAAA/	GAAAAAAAAAAAAAAAAAAAAAAAAAAAAAAAAAAAAAAAAA/
scaffold_30	301202	A	AGGGGGGGGG/	A/
scaffold_30	301213	G	G/	GGGGGGGGGAA/
scaffold_30	431903	A	ATTTTTTTTTTTTT/	ATTTTTTTTTTTTTT/
scaffold_30	52867	C	CTTTTTTTTTTT/	CTTTTTTTTTTTTTTTTTTTTTTTTTTTTTTTTT/
scaffold_31	133975	G	GCCCCCCCCCCCCC/	G/
scaffold_31	325680	G	GAAAAAAAAAAAAAAAAAAAAAAAAAAAAAAAA/	GAAAAAAAAAAAAAAAAAAAAAAAAAAAAAA/
scaffold_31	373060	AT	A/	AT/
scaffold_31	8248	G	GAAAAAAAAAAAAAAAAAAAAA/	GAAAAAAAAAAAAAAAAAAAA/
scaffold_32	336144	T	TG/	TGG/
scaffold_33	216229	C	CTTTTTTTTTTTTTT/	CTTTTT/
scaffold_34	36145	C	CT/	CTTTTTTTTTTTTTTTTTTTTTTTTT/
scaffold_36	1012	T	TGG/	TGGGGGG/
scaffold_36	248638	C	CTTTTTTTTTTTTTTTTTTTTTTTTTTTTTTTTTTTTTTTTTTTTTTTTTTTTTTTTTTTTTTTTTTTTTT/	C/
scaffold_36	309511	TAATGA	TAATGA/	T/
scaffold_36	310089	C	CAAAAAAAAAAAAAAAAAAAAAAA/	CAAAAAAAAAAAAAAAAAAAAAAAAAAAAAAAAAAAAAAAAAAAAAAAAAAAAAAAAAAAAAAAAAAAAAAAAAAAAAAAAAAAAAAAAAAAA/
scaffold_36	313989	C	CTTTT/	C/
scaffold_36	83609	G	GTTTTTTTTTTTTTTTTTTTTTTTTTTTTTTTTTTT/	GTTTTTTTTTTTTTTTTTTTTTTTTTTTTTTTTTTTTTTTTTTTTTTTTTT/
scaffold_37	317865	T	TAAAA/	TAAAAA/
scaffold_38	274146	G	GTTTT/	GTTTTTTTTTTTTTTTTTTTTTTTTTTTT/
scaffold_38	94104	G	GTTTTTT/	GTTTTT/
scaffold_39	229287	C	CTTTTTTTT/	CTTTTTTT/
scaffold_4	1442014	G	GAA/	GA/
scaffold_4	244070	G	GTTTTTTTTTTTTTTTTTTTTTTTTTTTTTTTTTTTT/	GTTTTTTTTTTTTTTTTTTTTTTT/
scaffold_4	345498	G	GTTTTTTTTTTTTTTTTTTTTTTTTT/	GTTTT/
scaffold_4	576117	C	C/	CTTTTTTTTTTTTTTTTTTTTTTTTTTTTTTTTTTTTTTTTTTTTTTTTTTT/
scaffold_4	6236	CA	CAAAAAAAAAAAAAAAAAAAAAAAAAAAAAAAAAAAAAAAAAAAAAAAAAAAAAAAAAAAA/	C/
scaffold_4	688229	A	A/	AGGGGGGGGGGG/
scaffold_4	736151	T	T/	TAAAAAAAAAAAAAAAAAAAAAAAAAAAAAAAAAAAAA/
scaffold_41	150461	A	AGGGGGGGGGGGGGGGGGGG/	AGGGGGGG/
scaffold_43	133933	G	GTTTTTTTTTTTTTTTTTTTTTTTTTTTTTTTTTTTTTT/	G/
scaffold_44	46330	C	C/	CAAAAAAA/
scaffold_45	148556	T	T/	TAAAAAAAAAAAAAAAAAAAAAA/
scaffold_45	223125	C	C/	CTTTTTTTTTTTTTTTT/
scaffold_45	226819	A	AACACACACACACACACACACACACACACACACACACACACACACACACACACACACACACACACAC/	AACACACACACACACACACACACACACACACACACACACACACACACACACACACACACACACACACACACACAC/
scaffold_45	62050	G	GAAAAGAAAAAAA/	GAAAAGAAAAAAAAAAAAAAAAA/
scaffold_45	79170	G	GAAAAAAAAAATGAAAAAAAAAAAAAA/	GAAAAAAAAAATGAAAAAAAA/
scaffold_46	193198	C	CTTTTTTTTTTTTTTTTTTT/	C/
scaffold_46	47362	T	TC/	T/
scaffold_46	50060	G	GCCCCCCCCCCCC/	G/
scaffold_47	164893	GA	GA/	G/
scaffold_48	208816	A	A/	AG/
scaffold_48	62192	T	TGGGGGGGGGGGGGGGGGGGGGGGGGGG/	TGGGGGGGGGGGGGGGGGGGGGGGGG/
scaffold_49	33	A	AAAACCCTAAAACCCTAAAACCCT/	A/
scaffold_5	1360482	G	GAAAAAAAAAAAAAAA/	GAAAAAAAAAAAAA/
scaffold_5	187139	T	TGCCCC/	TGCCCCCCCCCCCCCCCCCCCCCCCCCCCCCCCCCCCC/
scaffold_5	231097	AG	A/	AG/
scaffold_5	306503	A	A/	AC/
scaffold_5	449135	C	C/	CTTTTTTTTTTTTTTTTTTTTTTTTTTTTTTTTTT/
scaffold_5	937583	G	GTTTTTTTTTTTTTTTTTTTTTTTTTTT/	GTTTTTTTTTTTTTTTTTTTTTTTTTTTTTTTTTTTTTTTTTT/
scaffold_51	3560	C	CTTTTTTTTTTTTTTTTTTTTTTTTTTTTTTTTTTTTTTTTTTTTTTTTTTTTTTTTTTTTTTT/	CTTTTTTTTTTTTT/
scaffold_52	41376	CT	CT/	C/
scaffold_54	145562	G	GAAAAAAAAAAAAAAAAAAAAAAAAAAAAAAAAAAAAAAAAA/	GAAAAAAAAAAAAAAAAAAAAAAAAAAAAAAAAAAAAAAAA/
scaffold_54	22604	G	GAAAAAAAAAA/	GAAAAAAAAAAA/
scaffold_55	119288	G	GAAAAAAAAAAAAAAAAAAAAAAAAAAAAAAA/	GAAAAAAAAAAAAAAAAAAAAAAAAAAAAAAAAAAA/
scaffold_55	140469	C	CT/	C/
scaffold_56	61479	A	ATTTTTTTTTTTTTTTTTTTTTTTTTTTTTTTTTTTTTTTTTTTTTTTTTTTTTTTTTTTTTTTTTTTTTTTTTTTTTTTTTTTTTTTTTTTTTT/	ATTTTTTTTTTTTTTTTTTTTTTTTTTTTTTTTTTTTTTTTTTTTTTTT/
scaffold_59	93133	C	CAAAAAAAAAAAAAAAAAAAAAAAAAAAAAAAAAAAAAAAAAAAAAAAAAAAAAAAAAAAAAAAAAAAAAAAAAAAAAAAAAAAAAAAAAAAAAAAAAAAAAAAA/	CAAAAAAAAAAAAAAAAAAAAAAAAAAAAAAAAAA/
scaffold_6	475795	A	A/	AGAT/
scaffold_6	475797	ACTC	ACTC/	A/
scaffold_6	502134	C	C/	CGGGGGGGGG/
scaffold_6	613996	C	CTTTTTTTTTTTTTTTTTT/	CTTTTTTTTTTTTTTTTTTTTT/
scaffold_6	708990	C	CTTTTTTTTTTTTTTTTTTTTTTTTTTTT/	CTTTTTTTTTTTTTTTTTTTTTTTTTTT/
scaffold_6	741900	C	CG/	C/
scaffold_6	952351	A	A/	AC/
scaffold_60	109261	T	T/	TGG/
scaffold_62	48706	T	T/	TGAAGGAGGGAAGGTGAAAGAAAAAAAAAAAAAAAAAAAAAAAAAAAAAAAAAAAAAAAAAAAAAAAAAAAAAAAAAAAAAAAAG/
scaffold_62	48719	G	GTGAAAGAAAAAAAAAAAAAAAAAAAAAAAAAAAAAAAAAAAAAAAAAAAAAAAA/	G/
scaffold_62	72899	A	ACCACCCCCC/	ACCACCCCC/
scaffold_63	58123	G	G/	GTTTTTTTTTTTTTTTT/
scaffold_64	109086	G	GCCCCCCCCCCCCCCCCCCCCCCCCCC/	G/
scaffold_64	110084	T	T/	TGGGGGGGGGGGGGGGGGGGGGGGGGGGGGGGGGGGGGGGGGGG/
scaffold_64	60904	C	CAAAAAAAAAAAAAAAAAAAAAAAAAAAAAAAAAAAAAAAAAAAAAAAAAAAAAAAAAAAA/	CAAA/
scaffold_65	105824	G	GAAAAAAAAAAAAAAAAAAAAAAAAAAAAA/	GAAAAAAAAAAAAAAAAAAAAAAAAAAAAAAAAAA/
scaffold_65	55288	T	TAAAAAAAAAAAAAAAAAAAAAAAAAA/	T/
scaffold_69	60148	A	AGGGGGGGGGGGGGGGGGGGGGGGGGGGGGGGGG/	A/
scaffold_7	491326	A	A/	ACCCCCTCTCCCCCCCCC/
scaffold_7	809934	CT	CT/	C/
scaffold_77	18193	T	T/	TGGGGGGGGG/
scaffold_8	109692	G	G/	GAAAAAAAAAAAAAAAAAAAAAAA/
scaffold_8	268533	A	ATTTT/	ATTT/
scaffold_8	491613	T	TCCCCCCCCCCCC/	TCCCCCCCCCCCCCCCCCCCC/
scaffold_8	583897	T	TCC/	T/
scaffold_82	13836	C	C/	CT/
scaffold_84	19942	C	CTTTTTTTTTTTTTTTT/	CTTTTTTTTTTTTTTTTT/
scaffold_89	32	A	AT/	A/
scaffold_9	320901	C	CTTTTTTTTTTTTTTTTT/	CTTTTTTTTTTTTTTTTTTTTTTT/
scaffold_9	405813	T	TGGGGGGGGGGGGGGGGGGGGGGGGGGGGGGGGGGGG/	TGGGG/
scaffold_9	728851	C	CTTTTTTTTTTTTTTTTTT/	CTTTTTTTTTTT/
scaffold_9	748507	A	ACCCCCCCCCCCCCCCC/	A/
scaffold_9	808168	C	CTTTTTTTTTTTTTTT/	CTTTTTTTTTTT/
